{"count":1,"self":67.6744832,"total":130.152949,"children":{"InitializeActuators":{"count":18,"self":0.0010165,"total":0.0010165,"children":null},"InitializeSensors":{"count":18,"self":0.0030063,"total":0.0030063,"children":null},"AgentSendState":{"count":47667,"self":2.9025632,"total":4.6167672,"children":{"CollectObservations":{"count":85806,"self":0.7176616,"total":0.7176616,"children":null},"WriteActionMask":{"count":85806,"self":0.020131299999999998,"total":0.020131299999999998,"children":null},"RequestDecision":{"count":85806,"self":0.1220928,"total":0.97641119999999992,"children":{"AgentInfo.ToProto":{"count":85806,"self":0.0782085,"total":0.85431839999999992,"children":{"GenerateSensorData":{"count":85806,"self":0.5682009,"total":0.7761099,"children":{"RayPerceptionSensor.Perceive":{"count":85806,"self":0.20790899999999998,"total":0.20790899999999998,"children":null}}}}}}}}},"DecideAction":{"count":47667,"self":42.0275584,"total":42.0275592,"children":null},"AgentAct":{"count":47667,"self":15.8218032,"total":15.8280748,"children":{"AgentInfo.ToProto":{"count":245,"self":0.0005068,"total":0.0062711999999999993,"children":{"GenerateSensorData":{"count":245,"self":0.0047528,"total":0.0057643999999999994,"children":{"RayPerceptionSensor.Perceive":{"count":245,"self":0.0010115999999999999,"total":0.0010115999999999999,"children":null}}}}}}},"AgentInfo.ToProto":{"count":96,"self":0.0005053,"total":0.0020434999999999997,"children":{"GenerateSensorData":{"count":96,"self":0.0015289,"total":0.0015382,"children":{"RayPerceptionSensor.Perceive":{"count":96,"self":9.299999999999999E-06,"total":9.299999999999999E-06,"children":null}}}}}},"gauges":{"TankLearningAI.CumulativeReward":{"count":341,"max":483.840149,"min":-811.275146,"runningAverage":68.63155,"value":104.198,"weightedAverage":90.47821}},"metadata":{"timer_format_version":"0.1.0","start_time_seconds":"1702406586","unity_version":"2022.3.8f1","command_line_arguments":"C:\\Program Files\\Unity\\Hub\\Editor\\2022.3.8f1\\Editor\\Unity.exe -projectpath C:\\Wii_Tanks_Remastered -useHub -hubIPC -cloudEnvironment production -licensingIpc LicenseClient-walru -hubSessionId 53bbd351-9090-444e-8228-1e08c390f430 -accessToken h9et-wlwyPkvprbZ-yRaApI00XnLrI67t1bvOV6dPWc002f","communication_protocol_version":"1.5.0","com.unity.ml-agents_version":"2.0.1","scene_name":"AILearning","end_time_seconds":"1702406716"}}