{"count":1,"self":60.739968,"total":109.4125399,"children":{"InitializeActuators":{"count":1,"self":0.0005221,"total":0.0005221,"children":null},"InitializeSensors":{"count":1,"self":0.00099969999999999985,"total":0.00099969999999999985,"children":null},"AgentSendState":{"count":119434,"self":0.0724484,"total":0.2138714,"children":{"CollectObservations":{"count":11944,"self":0.009386499999999999,"total":0.009386499999999999,"children":null},"WriteActionMask":{"count":11944,"self":0.0060167,"total":0.0060167,"children":null},"RequestDecision":{"count":11944,"self":0.038919499999999996,"total":0.1260198,"children":{"AgentInfo.ToProto":{"count":11944,"self":0.036149299999999995,"total":0.087100299999999992,"children":{"GenerateSensorData":{"count":11944,"self":0.050950999999999996,"total":0.050950999999999996,"children":null}}}}}}},"DecideAction":{"count":119434,"self":46.4344544,"total":46.434455899999996,"children":null},"AgentAct":{"count":119434,"self":2.0207251999999998,"total":2.0227207,"children":{"AgentInfo.ToProto":{"count":419,"self":0.00099019999999999989,"total":0.0019955,"children":{"GenerateSensorData":{"count":419,"self":0.0010053,"total":0.0010053,"children":null}}}}}},"gauges":{"TankLearningAI.CumulativeReward":{"count":419,"max":99.99901,"min":-412.5294,"runningAverage":15.9299192,"value":39.9996033,"weightedAverage":10.6170635}},"metadata":{"timer_format_version":"0.1.0","start_time_seconds":"1702204027","unity_version":"2022.3.8f1","command_line_arguments":"C:\\Program Files\\Unity\\Hub\\Editor\\2022.3.8f1\\Editor\\Unity.exe -projectpath C:\\UNIVERSITY\\Keimyung\\3D_Game_Basics\\Projects\\WiiTanks\\Wii_Tanks_Remastered -useHub -hubIPC -cloudEnvironment production -licensingIpc LicenseClient-pulik -hubSessionId 0a662945-8637-4108-9120-61938bcb4c15 -accessToken bA4qxbcKfUmDJmPiro76QcxzVLcs991Ba3mqo8tkr6s006f","communication_protocol_version":"1.5.0","com.unity.ml-agents_version":"2.0.1","scene_name":"AILearning","end_time_seconds":"1702204136"}}