{"count":1,"self":13531.4833408,"total":34288.5273617,"children":{"InitializeActuators":{"count":8,"self":0.002,"total":0.002,"children":null},"InitializeSensors":{"count":8,"self":0.0019998,"total":0.0019998,"children":null},"AgentSendState":{"count":8108384,"self":504.4401152,"total":701.23763669999994,"children":{"CollectObservations":{"count":12973416,"self":32.611417599999996,"total":32.6114172,"children":null},"WriteActionMask":{"count":12973416,"self":4.5444324,"total":4.5444322999999995,"children":null},"RequestDecision":{"count":12973416,"self":19.4230384,"total":159.6416945,"children":{"AgentInfo.ToProto":{"count":12973416,"self":14.5751616,"total":140.2186561,"children":{"GenerateSensorData":{"count":12973416,"self":92.6768384,"total":125.6434941,"children":{"RayPerceptionSensor.Perceive":{"count":25946832,"self":32.9666528,"total":32.966652499999995,"children":null}}}}}}}}},"DecideAction":{"count":8108384,"self":19744.120832,"total":19744.1208667,"children":null},"AgentAct":{"count":8108384,"self":310.53312,"total":311.5252222,"children":{"AgentInfo.ToProto":{"count":47336,"self":0.139143,"total":0.9921011,"children":{"GenerateSensorData":{"count":47336,"self":0.6424797,"total":0.85295809999999994,"children":{"RayPerceptionSensor.Perceive":{"count":94672,"self":0.21047839999999998,"total":0.21047839999999998,"children":null}}}}}}},"AgentInfo.ToProto":{"count":5914,"self":0.0220546,"total":0.15548779999999998,"children":{"GenerateSensorData":{"count":5914,"self":0.10974819999999999,"total":0.1334332,"children":{"RayPerceptionSensor.Perceive":{"count":11828,"self":0.023684999999999998,"total":0.023684999999999998,"children":null}}}}}},"gauges":{"TankLearningAI.CumulativeReward":{"count":53250,"max":15.05,"min":-110.899109,"runningAverage":5.578215,"value":0,"weightedAverage":3.46988678}},"metadata":{"timer_format_version":"0.1.0","start_time_seconds":"1702492822","unity_version":"2022.3.8f1","command_line_arguments":"C:\\Program Files\\Unity\\Hub\\Editor\\2022.3.8f1\\Editor\\Unity.exe -projectpath C:\\Wii_Tanks_Remastered -useHub -hubIPC -cloudEnvironment production -licensingIpc LicenseClient-walru -hubSessionId 3b7cb0f4-3915-4cd7-8d8c-02a2a232a6ee -accessToken ulKh04PAS0EHFfOzazqp_m0RXZjOzE2p7p0MmMDcu1w002f","communication_protocol_version":"1.5.0","com.unity.ml-agents_version":"2.0.1","scene_name":"AILearning","end_time_seconds":"1702527110"}}