{"count":1,"self":140.0624128,"total":538.7268738,"children":{"InitializeActuators":{"count":10,"self":0.00099899999999999989,"total":0.00099899999999999989,"children":null},"InitializeSensors":{"count":10,"self":0.0019977,"total":0.0019977,"children":null},"AgentSendState":{"count":162584,"self":10.2317456,"total":14.2058406,"children":{"CollectObservations":{"count":325170,"self":0.7055888,"total":0.7055888,"children":null},"WriteActionMask":{"count":325170,"self":0.1152502,"total":0.1152502,"children":null},"RequestDecision":{"count":325170,"self":0.47006119999999996,"total":3.1532564,"children":{"AgentInfo.ToProto":{"count":325170,"self":0.3517628,"total":2.6831951999999997,"children":{"GenerateSensorData":{"count":325170,"self":1.799377,"total":2.3314323999999997,"children":{"RayPerceptionSensor.Perceive":{"count":325170,"self":0.5320554,"total":0.5320554,"children":null}}}}}}}}},"DecideAction":{"count":162584,"self":376.5684224,"total":376.56843219999996,"children":null},"AgentAct":{"count":162584,"self":7.7436143999999993,"total":7.8587811,"children":{"AgentInfo.ToProto":{"count":718,"self":0.0015037,"total":0.11516649999999999,"children":{"GenerateSensorData":{"count":718,"self":0.1136325,"total":0.1136628,"children":{"RayPerceptionSensor.Perceive":{"count":718,"self":3.0299999999999998E-05,"total":3.0299999999999998E-05,"children":null}}}}}}},"AgentInfo.ToProto":{"count":1556,"self":0.0068699,"total":0.0274282,"children":{"GenerateSensorData":{"count":1556,"self":0.0190232,"total":0.020558299999999998,"children":{"RayPerceptionSensor.Perceive":{"count":1556,"self":0.0015351,"total":0.0015351,"children":null}}}}}},"gauges":{"TankLearningAI.CumulativeReward":{"count":2274,"max":10.161,"min":-4.137999,"runningAverage":1.24489558,"value":0,"weightedAverage":0.050359536}},"metadata":{"timer_format_version":"0.1.0","start_time_seconds":"1702471611","unity_version":"2022.3.8f1","command_line_arguments":"C:\\Program Files\\Unity\\Hub\\Editor\\2022.3.8f1\\Editor\\Unity.exe -projectpath C:\\Wii_Tanks_Remastered -useHub -hubIPC -cloudEnvironment production -licensingIpc LicenseClient-walru -hubSessionId ec5f71eb-054d-4158-8239-a5b1989eb0df -accessToken Dgq0o75Y8N1iBRIk_T18vBjxmWfi891_hU34HSPkYWI002f","communication_protocol_version":"1.5.0","com.unity.ml-agents_version":"2.0.1","scene_name":"AILearning","end_time_seconds":"1702472150"}}