{"count":1,"self":280.03069439999996,"total":631.101873,"children":{"InitializeActuators":{"count":9,"self":0.0009687,"total":0.0009687,"children":null},"InitializeSensors":{"count":9,"self":0.0021192999999999997,"total":0.0021192999999999997,"children":null},"AgentSendState":{"count":492001,"self":12.7593584,"total":18.6310555,"children":{"CollectObservations":{"count":442809,"self":0.4792144,"total":0.4792144,"children":null},"WriteActionMask":{"count":442809,"self":0.0967393,"total":0.0967393,"children":null},"RequestDecision":{"count":442809,"self":0.6828307,"total":5.295743,"children":{"AgentInfo.ToProto":{"count":442809,"self":0.5661822,"total":4.6129123,"children":{"GenerateSensorData":{"count":442809,"self":2.8795674,"total":4.0467300999999996,"children":{"RayPerceptionSensor.Perceive":{"count":442809,"self":1.1671627,"total":1.1671627,"children":null}}}}}}}}},"DecideAction":{"count":492001,"self":274.41477119999996,"total":274.4147756,"children":null},"AgentAct":{"count":492001,"self":58.004435199999996,"total":58.0185326,"children":{"AgentInfo.ToProto":{"count":776,"self":0.0035174,"total":0.0140998,"children":{"GenerateSensorData":{"count":776,"self":0.0065745,"total":0.010582399999999999,"children":{"RayPerceptionSensor.Perceive":{"count":776,"self":0.0040079,"total":0.0040079,"children":null}}}}}}},"AgentInfo.ToProto":{"count":64,"self":0.00071099999999999994,"total":0.0027205999999999997,"children":{"GenerateSensorData":{"count":64,"self":0.0010106,"total":0.0020096,"children":{"RayPerceptionSensor.Perceive":{"count":64,"self":0.00099899999999999989,"total":0.00099899999999999989,"children":null}}}}}},"gauges":{"TankLearningAI.CumulativeReward":{"count":840,"max":13.0599976,"min":-9.98,"runningAverage":1.7328794,"value":1.89999855,"weightedAverage":-0.5505835}},"metadata":{"timer_format_version":"0.1.0","start_time_seconds":"1702392678","unity_version":"2022.3.8f1","command_line_arguments":"C:\\Program Files\\Unity\\Hub\\Editor\\2022.3.8f1\\Editor\\Unity.exe -projectpath C:\\Wii_Tanks_Remastered -useHub -hubIPC -cloudEnvironment production -licensingIpc LicenseClient-walru -hubSessionId 53bbd351-9090-444e-8228-1e08c390f430 -accessToken h9et-wlwyPkvprbZ-yRaApI00XnLrI67t1bvOV6dPWc002f","communication_protocol_version":"1.5.0","com.unity.ml-agents_version":"2.0.1","scene_name":"AILearning","end_time_seconds":"1702393309"}}