{
    "name": "root",
    "gauges": {
        "TankLearningAI.Policy.Entropy.mean": {
            "value": 1.342383623123169,
            "min": 1.342383623123169,
            "max": 1.4378371238708496,
            "count": 12
        },
        "TankLearningAI.Policy.Entropy.sum": {
            "value": 13482.9013671875,
            "min": 13255.44140625,
            "max": 14734.1650390625,
            "count": 12
        },
        "TankLearningAI.Environment.EpisodeLength.mean": {
            "value": 194.47169811320754,
            "min": 134.16417910447763,
            "max": 194.47169811320754,
            "count": 12
        },
        "TankLearningAI.Environment.EpisodeLength.sum": {
            "value": 10307.0,
            "min": 8989.0,
            "max": 10347.0,
            "count": 12
        },
        "TankLearningAI.Step.mean": {
            "value": 119947.0,
            "min": 9976.0,
            "max": 119947.0,
            "count": 12
        },
        "TankLearningAI.Step.sum": {
            "value": 119947.0,
            "min": 9976.0,
            "max": 119947.0,
            "count": 12
        },
        "TankLearningAI.Policy.ExtrinsicValueEstimate.mean": {
            "value": 0.1859743595123291,
            "min": -2.0043134689331055,
            "max": 0.4736359119415283,
            "count": 12
        },
        "TankLearningAI.Policy.ExtrinsicValueEstimate.sum": {
            "value": 33.28940963745117,
            "min": -384.82818603515625,
            "max": 87.62264251708984,
            "count": 12
        },
        "TankLearningAI.Environment.CumulativeReward.mean": {
            "value": -1.6424526703666966,
            "min": -5.344705713228048,
            "max": -0.6657574500493479,
            "count": 12
        },
        "TankLearningAI.Environment.CumulativeReward.sum": {
            "value": -87.04999152943492,
            "min": -363.4399884995073,
            "max": -43.939991703256965,
            "count": 12
        },
        "TankLearningAI.Policy.ExtrinsicReward.mean": {
            "value": -1.6424526703666966,
            "min": -5.344705713228048,
            "max": -0.6657574500493479,
            "count": 12
        },
        "TankLearningAI.Policy.ExtrinsicReward.sum": {
            "value": -87.04999152943492,
            "min": -363.4399884995073,
            "max": -43.939991703256965,
            "count": 12
        },
        "TankLearningAI.Losses.PolicyLoss.mean": {
            "value": 0.24185994467541397,
            "min": 0.23737127757425883,
            "max": 0.24788017642534915,
            "count": 12
        },
        "TankLearningAI.Losses.PolicyLoss.sum": {
            "value": 18.381355795331462,
            "min": 17.090731985346636,
            "max": 19.090708520197115,
            "count": 12
        },
        "TankLearningAI.Losses.ValueLoss.mean": {
            "value": 2.8558597821864087,
            "min": 2.8558597821864087,
            "max": 8.413371725524222,
            "count": 12
        },
        "TankLearningAI.Losses.ValueLoss.sum": {
            "value": 217.04534344616707,
            "min": 217.04534344616707,
            "max": 605.762764237744,
            "count": 12
        },
        "TankLearningAI.Policy.LearningRate.mean": {
            "value": 0.00029309286230237995,
            "min": 0.00029309286230237995,
            "max": 0.00029968579427140196,
            "count": 12
        },
        "TankLearningAI.Policy.LearningRate.sum": {
            "value": 0.022275057534980876,
            "min": 0.02157737718754094,
            "max": 0.023142850045716677,
            "count": 12
        },
        "TankLearningAI.Policy.Epsilon.mean": {
            "value": 0.19769762,
            "min": 0.19769762,
            "max": 0.19989526472222224,
            "count": 12
        },
        "TankLearningAI.Policy.Epsilon.sum": {
            "value": 15.02501912,
            "min": 14.392459060000002,
            "max": 15.51428332,
            "count": 12
        },
        "TankLearningAI.Policy.Beta.mean": {
            "value": 0.000488718338,
            "min": 0.000488718338,
            "max": 0.0004994867971388889,
            "count": 12
        },
        "TankLearningAI.Policy.Beta.sum": {
            "value": 0.037142593688,
            "min": 0.035963049394,
            "max": 0.038579988268,
            "count": 12
        },
        "TankLearningAI.IsTraining.mean": {
            "value": 1.0,
            "min": 1.0,
            "max": 1.0,
            "count": 12
        },
        "TankLearningAI.IsTraining.sum": {
            "value": 1.0,
            "min": 1.0,
            "max": 1.0,
            "count": 12
        }
    },
    "metadata": {
        "timer_format_version": "0.1.0",
        "start_time_seconds": "1702386416",
        "python_version": "3.7.9 (tags/v3.7.9:13c94747c7, Aug 17 2020, 18:58:18) [MSC v.1900 64 bit (AMD64)]",
        "command_line_arguments": "C:\\Users\\pulik\\AppData\\Local\\Programs\\Python\\Python37\\Scripts\\mlagents-learn --run-id=TankLearningAI_timePunished .\\config\\config.yml",
        "mlagents_version": "0.29.0",
        "mlagents_envs_version": "0.29.0",
        "communication_protocol_version": "1.5.0",
        "pytorch_version": "1.13.1+cpu",
        "numpy_version": "1.21.2",
        "end_time_seconds": "1702386766"
    },
    "total": 350.0564151,
    "count": 1,
    "self": 0.011044599999991078,
    "children": {
        "run_training.setup": {
            "total": 0.12339140000000004,
            "count": 1,
            "self": 0.12339140000000004
        },
        "TrainerController.start_learning": {
            "total": 349.9219791,
            "count": 1,
            "self": 0.30068549999748484,
            "children": {
                "TrainerController._reset_env": {
                    "total": 8.876939,
                    "count": 1,
                    "self": 8.876939
                },
                "TrainerController.advance": {
                    "total": 340.69584710000254,
                    "count": 14850,
                    "self": 0.2890642999988131,
                    "children": {
                        "env_step": {
                            "total": 194.05410670000103,
                            "count": 14850,
                            "self": 183.6670036000001,
                            "children": {
                                "SubprocessEnvManager._take_step": {
                                    "total": 10.208022399999264,
                                    "count": 14850,
                                    "self": 0.8467392999978554,
                                    "children": {
                                        "TorchPolicy.evaluate": {
                                            "total": 9.361283100001408,
                                            "count": 14107,
                                            "self": 2.2107814000005224,
                                            "children": {
                                                "TorchPolicy.sample_actions": {
                                                    "total": 7.150501700000886,
                                                    "count": 14107,
                                                    "self": 7.150501700000886
                                                }
                                            }
                                        }
                                    }
                                },
                                "workers": {
                                    "total": 0.17908070000167342,
                                    "count": 14849,
                                    "self": 0.0,
                                    "children": {
                                        "worker_root": {
                                            "total": 335.5755859999999,