{
    "name": "root",
    "gauges": {
        "TankLearningAI.Policy.Entropy.mean": {
            "value": 0.6132481694221497,
            "min": 0.6132481694221497,
            "max": 1.4434728622436523,
            "count": 45
        },
        "TankLearningAI.Policy.Entropy.sum": {
            "value": 6138.0009765625,
            "min": 6138.0009765625,
            "max": 14427.51171875,
            "count": 45
        },
        "TankLearningAI.Step.mean": {
            "value": 449968.0,
            "min": 9982.0,
            "max": 449968.0,
            "count": 45
        },
        "TankLearningAI.Step.sum": {
            "value": 449968.0,
            "min": 9982.0,
            "max": 449968.0,
            "count": 45
        },
        "TankLearningAI.Policy.ExtrinsicValueEstimate.mean": {
            "value": -2.2584800720214844,
            "min": -3.134895086288452,
            "max": 0.9943684935569763,
            "count": 45
        },
        "TankLearningAI.Policy.ExtrinsicValueEstimate.sum": {
            "value": -381.6831359863281,
            "min": -526.184326171875,
            "max": 162.08206176757812,
            "count": 45
        },
        "TankLearningAI.Losses.PolicyLoss.mean": {
            "value": 0.24308904601606257,
            "min": 0.23727160360916505,
            "max": 0.2511679785858638,
            "count": 45
        },
        "TankLearningAI.Losses.PolicyLoss.sum": {
            "value": 18.96094558925288,
            "min": 18.021977047538176,
            "max": 19.35552725234018,
            "count": 45
        },
        "TankLearningAI.Losses.ValueLoss.mean": {
            "value": 1.527178028885037,
            "min": 0.8477565819386224,
            "max": 5.549495792473001,
            "count": 45
        },
        "TankLearningAI.Losses.ValueLoss.sum": {
            "value": 119.11988625303289,
            "min": 65.27725680927392,
            "max": 427.3111760204211,
            "count": 45
        },
        "TankLearningAI.Policy.LearningRate.mean": {
            "value": 0.00027329984274620915,
            "min": 0.00027329984274620915,
            "max": 0.0002996982780226519,
            "count": 45
        },
        "TankLearningAI.Policy.LearningRate.sum": {
            "value": 0.021317387734204312,
            "min": 0.02063264774245096,
            "max": 0.023329861523379496,
            "count": 45
        },
        "TankLearningAI.Policy.Epsilon.mean": {
            "value": 0.19109994461538465,
            "min": 0.19109994461538465,
            "max": 0.19989942597402602,
            "count": 45
        },
        "TankLearningAI.Policy.Epsilon.sum": {
            "value": 14.905795680000002,
            "min": 14.377549039999998,
            "max": 15.576620499999999,
            "count": 45
        },
        "TankLearningAI.Policy.Beta.mean": {
            "value": 0.0004563897286153848,
            "min": 0.0004563897286153848,
            "max": 0.0004995071872727273,
            "count": 45
        },
        "TankLearningAI.Policy.Beta.sum": {
            "value": 0.035598398832000014,
            "min": 0.034449990295999995,
            "max": 0.03888544045,
            "count": 45
        },
        "TankLearningAI.Environment.EpisodeLength.mean": {
            "value": 399.36,
            "min": 383.34615384615387,
            "max": 820.1666666666666,
            "count": 45
        },
        "TankLearningAI.Environment.EpisodeLength.sum": {
            "value": 9984.0,
            "min": 9483.0,
            "max": 10549.0,
            "count": 45
        },
        "TankLearningAI.Environment.CumulativeReward.mean": {
            "value": -10.399844164848327,
            "min": -10.685871583542653,
            "max": 4.179554486647248,
            "count": 45
        },
        "TankLearningAI.Environment.CumulativeReward.sum": {
            "value": -259.9961041212082,
            "min": -270.186302639544,
            "max": 50.15465383976698,
            "count": 45
        },
        "TankLearningAI.Policy.ExtrinsicReward.mean": {
            "value": -10.399844164848327,
            "min": -10.685871583542653,
            "max": 4.179554486647248,
            "count": 45
        },
        "TankLearningAI.Policy.ExtrinsicReward.sum": {
            "value": -259.9961041212082,
            "min": -270.186302639544,
            "max": 50.15465383976698,
            "count": 45
        },
        "TankLearningAI.IsTraining.mean": {
            "value": 1.0,
            "min": 1.0,
            "max": 1.0,
            "count": 45
        },
        "TankLearningAI.IsTraining.sum": {
            "value": 1.0,
            "min": 1.0,
            "max": 1.0,
            "count": 45
        }
    },
    "metadata": {
        "timer_format_version": "0.1.0",
        "start_time_seconds": "1702361624",
        "python_version": "3.7.9 (tags/v3.7.9:13c94747c7, Aug 17 2020, 18:58:18) [MSC v.1900 64 bit (AMD64)]",
        "command_line_arguments": "C:\\Users\\pulik\\AppData\\Local\\Programs\\Python\\Python37\\Scripts\\mlagents-learn --run-id=TankLearningAI_timePunished .\\config\\config.yml",
        "mlagents_version": "0.29.0",
        "mlagents_envs_version": "0.29.0",
        "communication_protocol_version": "1.5.0",
        "pytorch_version": "1.13.1+cpu",
        "numpy_version": "1.21.2",
        "end_time_seconds": "1702367242"
    },
    "total": 5617.4834452000005,
    "count": 1,
    "self": 0.01171500000054948,
    "children": {
        "run_training.setup": {
            "total": 0.12504230000000005,
            "count": 1,
            "self": 0.12504230000000005
        },
        "TrainerController.start_learning": {
            "total": 5617.3466879,
            "count": 1,
            "self": 8.024228099956417,
            "children": {
                "TrainerController._reset_env": {
                    "total": 6.623403499999999,
                    "count": 1,
                    "self": 6.623403499999999
                },
                "TrainerController.advance": {
                    "total": 5602.646164700044,
                    "count": 456596,
                    "self": 7.784965900067618,
                    "children": {
                        "env_step": {
                            "total": 5089.64923260008,
                            "count": 456596,
                            "self": 4815.538278600094,
                            "children": {
                                "SubprocessEnvManager._take_step": {
                                    "total": 269.14870200004793,
                                    "count": 456596,
                                    "self": 22.427299000180113,
                                    "children": {
                                        "TorchPolicy.evaluate": {
                                            "total": 246.72140299986782,
                                            "count": 455827,
                                            "self": 62.10047149965587,
                                            "children": {
                                                "TorchPolicy.sample_actions": {
                                                    "total": 184.62093150021195,
                                                    "count": 455827,
                                                    "self": 184.62093150021195
                                                }
                                            }
                                        }
                                    }
                                },
                                "workers": {
                                    "total": 4.962251999937784,
                                    "count": 456595,
                                    "self": 0.0,