{
    "name": "root",
    "gauges": {
        "TankLearningAI.Policy.Entropy.mean": {
            "value": 1.379207968711853,
            "min": 1.379207968711853,
            "max": 1.379207968711853,
            "count": 1
        },
        "TankLearningAI.Policy.Entropy.sum": {
            "value": 12975.5888671875,
            "min": 12975.5888671875,
            "max": 12975.5888671875,
            "count": 1
        },
        "TankLearningAI.Environment.EpisodeLength.mean": {
            "value": 79.23529411764706,
            "min": 79.23529411764706,
            "max": 79.23529411764706,
            "count": 1
        },
        "TankLearningAI.Environment.EpisodeLength.sum": {
            "value": 8082.0,
            "min": 8082.0,
            "max": 8082.0,
            "count": 1
        },
        "TankLearningAI.Step.mean": {
            "value": 7949943.0,
            "min": 7949943.0,
            "max": 7949943.0,
            "count": 1
        },
        "TankLearningAI.Step.sum": {
            "value": 7949943.0,
            "min": 7949943.0,
            "max": 7949943.0,
            "count": 1
        },
        "TankLearningAI.Policy.ExtrinsicValueEstimate.mean": {
            "value": -2.3982186317443848,
            "min": -2.3982186317443848,
            "max": -2.3982186317443848,
            "count": 1
        },
        "TankLearningAI.Policy.ExtrinsicValueEstimate.sum": {
            "value": -465.25439453125,
            "min": -465.25439453125,
            "max": -465.25439453125,
            "count": 1
        },
        "TankLearningAI.Environment.CumulativeReward.mean": {
            "value": 2.45490196084275,
            "min": 2.45490196084275,
            "max": 2.45490196084275,
            "count": 1
        },
        "TankLearningAI.Environment.CumulativeReward.sum": {
            "value": 250.40000000596046,
            "min": 250.40000000596046,
            "max": 250.40000000596046,
            "count": 1
        },
        "TankLearningAI.Policy.ExtrinsicReward.mean": {
            "value": 2.45490196084275,
            "min": 2.45490196084275,
            "max": 2.45490196084275,
            "count": 1
        },
        "TankLearningAI.Policy.ExtrinsicReward.sum": {
            "value": 250.40000000596046,
            "min": 250.40000000596046,
            "max": 250.40000000596046,
            "count": 1
        },
        "TankLearningAI.IsTraining.mean": {
            "value": 1.0,
            "min": 1.0,
            "max": 1.0,
            "count": 1
        },
        "TankLearningAI.IsTraining.sum": {
            "value": 1.0,
            "min": 1.0,
            "max": 1.0,
            "count": 1
        }
    },
    "metadata": {
        "timer_format_version": "0.1.0",
        "start_time_seconds": "1702492181",
        "python_version": "3.10.11 (tags/v3.10.11:7d4cc5a, Apr  5 2023, 00:38:17) [MSC v.1929 64 bit (AMD64)]",
        "command_line_arguments": "C:\\Users\\walru\\AppData\\Local\\Programs\\Python\\Python310\\Scripts\\mlagents-learn .\\results\\configuration.yaml --run-id=OuiTank --resume",
        "mlagents_version": "1.1.0.dev0",
        "mlagents_envs_version": "1.1.0.dev0",
        "communication_protocol_version": "1.5.0",
        "pytorch_version": "2.1.1+cu121",
        "numpy_version": "1.23.5",
        "end_time_seconds": "1702492274"
    },
    "total": 93.36011280000093,
    "count": 1,
    "self": 0.004670799993618857,
    "children": {
        "run_training.setup": {
            "total": 0.07080810000479687,
            "count": 1,
            "self": 0.07080810000479687
        },
        "TrainerController.start_learning": {
            "total": 93.28463390000252,
            "count": 1,
            "self": 0.029098200146108866,
            "children": {
                "TrainerController._reset_env": {
                    "total": 4.77252320000116,
                    "count": 1,
                    "self": 4.77252320000116
                },
                "TrainerController.advance": {
                    "total": 88.27369299985003,
                    "count": 1589,
                    "self": 0.02794749972235877,
                    "children": {
                        "env_step": {
                            "total": 84.90092759999243,
                            "count": 1589,
                            "self": 76.06918020007288,
                            "children": {
                                "SubprocessEnvManager._take_step": {
                                    "total": 8.81352499989589,
                                    "count": 1589,
                                    "self": 0.08019449975108728,
                                    "children": {
                                        "TorchPolicy.evaluate": {
                                            "total": 8.733330500144802,
                                            "count": 1501,
                                            "self": 8.733330500144802
                                        }
                                    }
                                },
                                "workers": {
                                    "total": 0.018222400023660157,
                                    "count": 1588,
                                    "self": 0.0,
                                    "children": {
                                        "worker_root": {
                                            "total": 26.085131199797615,
                                            "count": 1588,
                                            "is_parallel": true,
                                            "self": 14.359156199767313,
                                            "children": {
                                                "steps_from_proto": {
                                                    "total": 0.0005853999973624013,
                                                    "count": 1,
                                                    "is_parallel": true,
                                                    "self": 0.00020360000053187832,
                                                    "children": {
                                                        "_process_rank_one_or_two_observation": {
                                                            "total": 0.000381799996830523,
                                                            "count": 4,
                                                            "is_parallel": true,
                                                            "self": 0.000381799996830523
                                                        }
                                                    }
                                                },
                                                "UnityEnvironment.step": {
                                                    "total": 11.72538960003294,
                                                    "count": 1588,
                                                    "is_parallel": true,
                                                    "self": 0.18519970007037045,
                                                    "children": {
                                                        "UnityEnvironment._generate_step_input": {
                                                            "total": 0.21937300002173288,
                                                            "count": 1588,
                                                            "is_parallel": true,
                                                            "self": 0.21937300002173288
                                                        },
                                                        "communicator.exchange": {
                                                            "total": 10.759046299892361,
                                                            "count": 1588,